{
    "total_runtime": 178.28248739242554,
    "num_documents": 1,
    "input_load_time": 0,
    "workflows": {
        "create_base_text_units": {
            "overall": 3.451462984085083,
            "0_orderby": 0.010968446731567383,
            "1_zip": 0.00804281234741211,
            "2_aggregate_override": 0.011904716491699219,
            "3_chunk": 3.3367373943328857,
            "4_select": 0.004986286163330078,
            "5_unroll": 0.0079803466796875,
            "6_rename": 0.00498652458190918,
            "7_genid": 0.0049860477447509766,
            "8_unzip": 0.004989147186279297,
            "9_copy": 0.005984067916870117,
            "10_filter": 0.04487943649291992
        },
        "create_base_extracted_entities": {
            "overall": 7.69257378578186,
            "0_entity_extract": 7.668349027633667,
            "1_merge_graphs": 0.017976045608520508
        },
        "create_summarized_entities": {
            "overall": 0.029027223587036133,
            "0_summarize_descriptions": 0.019186019897460938
        },
        "create_base_entity_graph": {
            "overall": 0.0514984130859375,
            "0_cluster_graph": 0.031430721282958984,
            "1_select": 0.009950876235961914
        },
        "create_final_entities": {
            "overall": 1.8326680660247803,
            "0_unpack_graph": 0.02114272117614746,
            "1_rename": 0.010430097579956055,
            "2_select": 0.010968446731567383,
            "3_dedupe": 0.014960765838623047,
            "4_rename": 0.011022090911865234,
            "5_filter": 0.025878429412841797,
            "6_text_split": 0.011967658996582031,
            "7_drop": 0.01393890380859375,
            "8_merge": 0.014962434768676758,
            "9_text_embed": 1.6422128677368164,
            "10_drop": 0.013962507247924805,
            "11_filter": 0.026241540908813477
        },
        "create_final_nodes": {
            "overall": 0.26331210136413574,
            "0_layout_graph": 0.035804033279418945,
            "1_unpack_graph": 0.018262147903442383,
            "2_unpack_graph": 0.01564812660217285,
            "3_filter": 0.034249305725097656,
            "4_drop": 0.01495981216430664,
            "5_select": 0.01495671272277832,
            "6_rename": 0.014961481094360352,
            "7_join": 0.025649309158325195,
            "8_convert": 0.05520939826965332,
            "9_rename": 0.016617774963378906
        },
        "create_final_communities": {
            "overall": 0.3612194061279297,
            "0_unpack_graph": 0.018908262252807617,
            "1_unpack_graph": 0.01894998550415039,
            "2_aggregate_override": 0.02313971519470215,
            "3_join": 0.025181055068969727,
            "4_join": 0.02593064308166504,
            "5_concat": 0.015956878662109375,
            "6_filter": 0.03827023506164551,
            "7_aggregate_override": 0.022614479064941406,
            "8_join": 0.023066282272338867,
            "9_filter": 0.047743797302246094,
            "10_fill": 0.016641855239868164,
            "11_merge": 0.021944522857666016,
            "12_copy": 0.0199434757232666,
            "13_select": 0.020946264266967773
        },
        "join_text_units_to_entity_ids": {
            "overall": 0.11288881301879883,
            "0_select": 0.04139256477355957,
            "1_unroll": 0.022559165954589844,
            "2_aggregate_override": 0.02396988868713379
        },
        "create_final_relationships": {
            "overall": 0.292050838470459,
            "0_unpack_graph": 0.020978450775146484,
            "1_filter": 0.045105695724487305,
            "2_rename": 0.020948410034179688,
            "3_filter": 0.05082583427429199,
            "4_drop": 0.025950908660888672,
            "5_compute_edge_combined_degree": 0.028130769729614258,
            "6_convert": 0.04821324348449707,
            "7_convert": 0.022977590560913086
        },
        "join_text_units_to_relationship_ids": {
            "overall": 0.12869048118591309,
            "0_select": 0.024934053421020508,
            "1_unroll": 0.02496790885925293,
            "2_aggregate_override": 0.02393484115600586,
            "3_select": 0.025931596755981445
        },
        "create_final_community_reports": {
            "overall": 160.40664887428284,
            "0_prepare_community_reports_nodes": 0.02691650390625,
            "1_prepare_community_reports_edges": 0.025261640548706055,
            "2_restore_community_hierarchy": 0.030588150024414062,
            "3_prepare_community_reports": 0.05285954475402832,
            "4_create_community_reports": 160.22214150428772,
            "5_window": 0.02620220184326172
        },
        "create_final_text_units": {
            "overall": 0.20415401458740234,
            "0_select": 0.026927471160888672,
            "1_rename": 0.02493453025817871,
            "2_join": 0.03594207763671875,
            "3_join": 0.02988409996032715,
            "4_aggregate_override": 0.029921531677246094,
            "5_select": 0.028790950775146484
        },
        "create_base_documents": {
            "overall": 0.3175525665283203,
            "0_unroll": 0.0281217098236084,
            "1_select": 0.027730703353881836,
            "2_rename": 0.028920888900756836,
            "3_join": 0.03445744514465332,
            "4_aggregate_override": 0.03180217742919922,
            "5_join": 0.034873008728027344,
            "6_rename": 0.029921770095825195,
            "7_convert": 0.06482458114624023
        },
        "create_final_documents": {
            "overall": 0.06187558174133301,
            "0_rename": 0.028963804244995117
        }
    }
}